{
  "LogisticRegression": {
    "mean_auc": 0.7568176885868604,
    "std_auc": 0.006790144688600791
  },
  "RandomForest": {
    "mean_auc": 0.7833926442694732,
    "std_auc": 0.004856762975142007
  },
  "XGBoost": {
    "mean_auc": 0.772184751355285,
    "std_auc": 0.007525870409354808
  }
}