{
  "LogisticRegression": {
    "mean_auc": 0.7494121457050656,
    "std_auc": 0.010420188831406104
  },
  "RandomForest": {
    "mean_auc": 0.7834158440928846,
    "std_auc": 0.004858816735381101
  },
  "XGBoost": {
    "mean_auc": 0.7704145020690962,
    "std_auc": 0.007092359218044968
  }
}