{
  "roc_auc": 0.7765377142109806,
  "average_precision": 0.5528745361128334,
  "f1_score": 0.542203147353362,
  "confusion_matrix": [
    [
      3962,
      711
    ],
    [
      569,
      758
    ]
  ],
  "classification_report": {
    "0": {
      "precision": 0.8744206576914588,
      "recall": 0.8478493473143591,
      "f1-score": 0.8609300304215558,
      "support": 4673.0
    },
    "1": {
      "precision": 0.5159972770592239,
      "recall": 0.5712132629992465,
      "f1-score": 0.542203147353362,
      "support": 1327.0
    },
    "accuracy": 0.7866666666666666,
    "macro avg": {
      "precision": 0.6952089673753414,
      "recall": 0.7095313051568028,
      "f1-score": 0.7015665888874589,
      "support": 6000.0
    },
    "weighted avg": {
      "precision": 0.7951493533416295,
      "recall": 0.7866666666666666,
      "f1-score": 0.790438268116307,
      "support": 6000.0
    }
  }
}