{
  "roc_auc": 0.7764343449704091,
  "average_precision": 0.5529191383852456,
  "f1_score": 0.5423365487674169,
  "confusion_matrix": [
    [
      3960,
      713
    ],
    [
      568,
      759
    ]
  ],
  "classification_report": {
    "0": {
      "precision": 0.8745583038869258,
      "recall": 0.847421356730152,
      "f1-score": 0.8607760026084121,
      "support": 4673.0
    },
    "1": {
      "precision": 0.515625,
      "recall": 0.5719668425018839,
      "f1-score": 0.5423365487674169,
      "support": 1327.0
    },
    "accuracy": 0.7865,
    "macro avg": {
      "precision": 0.6950916519434629,
      "recall": 0.7096940996160179,
      "f1-score": 0.7015562756879146,
      "support": 6000.0
    },
    "weighted avg": {
      "precision": 0.7951742215106007,
      "recall": 0.7865,
      "f1-score": 0.7903478100672454,
      "support": 6000.0
    }
  }
}